Workbook

Sheet Parameter
A1: Name | B1: Wert | C1: Einheit | D1: Kommentar | E1: Bauteil | G1: Hinweise
A2: d_glas_i | B2: 46 | C2: mm | D2: Glas innen am Boden (Sockelbohrung r 23). Aus Glas_Gefaess.stp | E2: Glas | G2: Inventor: Verwalten > Parameter > Verknuepfen, Startzelle A2
A3: d_glas_eben | B3: 59 | C3: mm | D3: Aussendurchmesser der ebenen Glasbodenflaeche (r 29.5). Aus STEP | E3: Glas | G3: Block lueckenlos A2 bis D242, Zeile 243 bleibt leer.
A4: d_glas_fuss | B4: 62 | C4: mm | D4: Glasfuss aussen. AM TEIL MESSEN, bestimmt die radiale O-Ring-Nut | E4: Glas | G4: Keine Zwischenueberschriften im Block. Eine Zeile ohne
A5: h_glas_fase | B5: 1.5 | C5: mm | D5: Fase 45 Grad am Glasboden, Hoehe = radiale Breite | E5: Glas | G5: Wert bricht den Import ab.
A6: h_glas_fuss | B6: 10.2 | C6: mm | D6: Glasboden bis Fussoberseite. AM TEIL MESSEN, an 4 Stellen | E6: Glas
A7: d_glas_auflage | B7: 54.2 | C7: mm | D7: Fussoberseite innen (r 27.1), hier drueckt der GFK-Ring | E7: Glas | G7: GELB, blaue Zahl = Eingabe. Alles andere wird berechnet.
A8: t_bl | B8: 0.5 | C8: mm | D8: Blendendicke, Molybdaenblech | E8: Blende | G8: Nie umsortieren, nie dazwischen einfuegen. Neue
A9: d_bl | B9: 72 | C9: mm | D9: Blende aussen | E9: Blende | G9: Parameter nur unten anhaengen, ab Zeile 243.
A10: d_bl_feld | B10: 40 | C10: mm | D10: Groesstes Lochfeld. Alle Loecher muessen innerhalb liegen | E10: Blende
A11: d_bl_loch | B11: 6 | C11: mm | D11: Oeffnung der Standardblende, ein Loch mittig | E11: Blende | G11: Nach dem Aendern speichern, Excel schliessen,
A12: d_bl_klemm | B12: 3 | C12: mm | D12: Klemmloecher, 1 mm Spiel um M2 fuer die Waermedehnung | E12: Blende | G12: dann in Inventor Verwalten > Aktualisieren.
A13: t_kr | B13: 1.5 | C13: mm | D13: Klemmringdicke = einziges Material hinter der Blende | E13: Klemmring
A14: d_kr_i | B14: =$B$2 -> 46 | C14: mm | D14: Klemmring innen, buendig mit der Glasbohrung | E14: Klemmring | G14: Durchmesser heissen d_, Radien r_, Hoehen h_ oder z_,
A15: d_kr_a | B15: =$B$9 -> 72 | C15: mm | D15: Klemmring aussen = Blende aussen | E15: Klemmring | G15: Dicken t_, Breiten b_, Spiele sp_, Winkel w_, Anzahl n_.
A16: b_kr_lasche | B16: 7 | C16: mm | D16: Breite der Kontaktlasche | E16: Klemmring | G16: Alle z-Werte zaehlen ab der Blendenunterseite (z=0),
A17: r_kr_lasche | B17: 39 | C17: mm | D17: Lasche reicht bis zu diesem RADIUS | E17: Klemmring | G17: positiv Richtung Glas.
A18: b_kr_schlitz | B18: 1 | C18: mm | D18: Radialer Schlitz gegen Ringstrom, Fraeser Oe1. GEAENDERT v5d: vorher 0,5 (nur Laser) | E18: Klemmring
A19: r_kontakt | B19: 37 | C19: mm | D19: RADIUS von Kontaktbolzen, Laschengewinde, Huelsenbohrungen | E19: Winkel | G19: Diese Datei gehoert zum NEUEN Aufbau (Version 5 der
A20: w_kontakt | B20: 20 | C20: deg | D20: Winkellage Kontaktbolzen ab X-Achse | E20: Winkel | G20: Blendenaufnahme). Die alte RFN_Dichtung_Parameter.xlsx
A21: w_schlitz | B21: =$B$20+180 -> 200 | C21: deg | D21: Schlitz im Klemmring, gegenueber der Lasche | E21: Winkel | G21: bleibt mit Ring_unten_3 verknuepft und wird nicht mehr
A22: w_m2 | B22: 50 | C22: deg | D22: Winkellage der ersten M2-Klemmschraube | E22: Winkel | G22: geaendert.
A23: w_m25 | B23: 100 | C23: deg | D23: Winkellage der ersten M2.5-Traegerschraube | E23: Winkel
A24: w_m3 | B24: 0 | C24: deg | D24: Winkellage der ersten M3-Federschraube | E24: Winkel | G24: Blaetter: Pruefungen, Auslegung, Inventor_Anleitung,
A25: w_bef | B25: 60 | C25: deg | D25: Winkellage der ersten M2-Befestigungsschraube | E25: Winkel | G25: Baugruppe, Aenderungen.
A26: w_stift | B26: 140 | C26: deg | D26: Winkellage des Passstifts | E26: Winkel
A27: w_senk | B27: 90 | C27: deg | D27: Senkwinkel aller Senkschrauben | E27: Winkel
A28: d_lk_m2 | B28: 67 | C28: mm | D28: Lochkreis M2 Klemmschrauben (Klemmring, Blende, Traeger) | E28: Lochkreise
A29: n_m2 | B29: 6 | C29: ul | D29: Anzahl M2 Klemmschrauben | E29: Lochkreise
A30: d_lk_m25 | B30: 76 | C30: mm | D30: Lochkreis M2.5 Traeger an Stahlring. GEAENDERT v5: vorher 72, jetzt neben der Tasche und durchgebohrt | E30: Lochkreise
A31: n_m25 | B31: 3 | C31: ul | D31: Anzahl M2.5 Traegerschrauben | E31: Lochkreise
A32: d_lk_m3 | B32: 76 | C32: mm | D32: Lochkreis M3 Federschrauben (Stahlring, GFK-Ring oben) | E32: Lochkreise
A33: n_m3 | B33: 9 | C33: ul | D33: Anzahl M3 Federschrauben | E33: Lochkreise
A34: d_lk_bef | B34: 84 | C34: mm | D34: Lochkreis M2 Befestigung und Passstift (Stahlring, Frontplatte) | E34: Lochkreise
A35: n_bef | B35: 3 | C35: ul | D35: Anzahl M2 Befestigungsschrauben | E35: Lochkreise
A36: d_m2_durch | B36: 2.2 | C36: mm | D36: Durchgang M2 | E36: Normteile
A37: d_m2_senk | B37: 4.4 | C37: mm | D37: Senkdurchmesser an der Oberflaeche ISO 14581 M2 = theoretischer Kopf-Ø, Kopf sitzt buendig | E37: Normteile
... A58: d_tr_a | B58: 80 | C58: mm | D58: Traeger aussen, Passung g6 zur Frontplatte | E58: Traeger
A59: d_tr_i | B59: =$B$4+2*$B$142 -> 62.2 | C59: mm | D59: Traeger innen, zentriert den Glasfuss. GEAENDERT v3d: vorher 63 fest | E59: Traeger
A60: h_tr_ueber | B60: 4 | C60: mm | D60: Traeger ueber der Blendenoberseite. GEAENDERT v5: vorher 3,5, Platz fuer den M2-Einsatz | E60: Traeger
A61: sp_tasche | B61: 0.05 | C61: mm | D61: Radialspiel der Blende in der Tasche | E61: Traeger
A62: sp_lasche | B62: 0.2 | C62: mm | D62: Spiel der Lasche im Freistich, je Seite | E62: Traeger
A63: d_tr_bolzen | B63: 3 | C63: mm | D63: Bohrung fuer den Kontaktbolzen M2.5 | E63: Traeger
A64: h_tr | B64: =$B$13+$B$8+$B$60 -> 6 | C64: mm | D64: Traegerhoehe gesamt | E64: Traeger
A65: d_tr_tasche | B65: =$B$9+2*$B$61 -> 72.1 | C65: mm | D65: Tasche fuer Blende und Klemmring | E65: Traeger
A66: t_tr_tasche | B66: =$B$13+$B$8 -> 2 | C66: mm | D66: Taschentiefe ab Unterseite | E66: Traeger
A67: b_tr_frei | B67: =$B$16+2*$B$62 -> 7.4 | C67: mm | D67: Freistich fuer die Lasche, Breite | E67: Traeger
A68: r_tr_frei | B68: =$B$17+$B$62 -> 39.2 | C68: mm | D68: Freistich reicht bis zu diesem RADIUS | E68: Traeger
A69: tb_ein_m2 | B69: =$B$49+$B$161+$B$162*$B$163+$B$165 -> 3.2 | C69: mm | D69: Bohrtiefe Einsatz M2 ab Taschenboden, FLACHER Bohrgrund (Schaftfraeser). GEAENDERT v5 | E69: Traeger
A70: tb_ein_m25 | B70: =$B$64 -> 6 | C70: mm | D70: Einsatz M2.5: Durchgangsbohrung durch den ganzen Traeger. GEAENDERT v5 | E70: Traeger
A71: d_st_i | B71: =$B$4+2*$B$143 -> 62.6 | C71: mm | D71: Stahlring innen = Dichtspalt am radialen O-Ring. GEAENDERT v3d: vorher 64 fest | E71: Stahlring
A72: d_st_a | B72: 88 | C72: mm | D72: Stahlring aussen, wie Ring_unten, fuer die Abdeckbleche | E72: Stahlring
A73: h_st | B73: 5.5 | C73: mm | D73: Stahlringhoehe. Toleranz +/-0.05, planparallel 0.02 | E73: Stahlring
A74: z_nut_r | B74: 1.2 | C74: mm | D74: Unterseite Stahlring bis untere Flanke der Radialnut | E74: Stahlring
A75: b_nut_r | B75: 3.6 | C75: mm | D75: Breite der Radialnut (axial) | E75: Stahlring
A76: d_bef_durch | B76: 2.4 | C76: mm | D76: Durchgang fuer M2 Befestigung | E76: Stahlring
A77: d_st_huelse | B77: 5.3 | C77: mm | D77: Bohrung fuer die Keramikhuelse | E77: Stahlring
A78: t_m3_rad | B78: 4 | C78: mm | D78: Sackloch-Gewindetiefe der radialen M3 fuer die Abdeckbleche | E78: Stahlring
A79: d_nut_r | B79: =ROUND($B$4+2*$B$82*(1-$B$83),1) -> 66.1 | C79: mm | D79: Nutgrund der Radialnut, auf 0.1 gerundet | E79: Stahlring
A80: z_m3_rad | B80: =$B$73/2 -> 2.75 | C80: mm | D80: Hoehe der radialen M3 ab Unterseite | E80: Stahlring
A81: d1_or_r | B81: 61.5 | C81: mm | D81: Radialer O-Ring, Innendurchmesser, DIN 3771. Werkstoff FFKM (v5) | E81: O-Ring radial
A82: d2_or_r | B82: 2.65 | C82: mm | D82: Radialer O-Ring, Schnurstaerke, DIN 3771 | E82: O-Ring radial
A83: s_or_r | B83: 0.22 | C83: ul | D83: Soll-Verpressung radial. GEAENDERT v5: vorher 0,19, mehr Reserve fuer warm | E83: O-Ring radial
A84: s_or_r_ist | B84: =($B$82-($B$79-$B$4)/2)/$B$82 -> 0.22641509 | C84: ul | D84: Ist-Verpressung nach Rundung des Nutgrunds | E84: O-Ring radial
A85: d1_or_f | B85: 64 | C85: mm | D85: Flach-O-Ring Fuge Stahl/Traeger, Innendurchmesser. Werkstoff FFKM (v5) | E85: O-Ring flach
A86: d2_or_f | B86: 1 | C86: mm | D86: Flach-O-Ring, Schnurstaerke | E86: O-Ring flach
A87: d_nut_f_i | B87: 64.8 | C87: mm | D87: Flachnut innen, Ring sitzt leicht gedehnt | E87: O-Ring flach
A88: b_nut_f | B88: 1.4 | C88: mm | D88: Flachnut Breite (radial) | E88: O-Ring flach
A89: t_nut_f | B89: 0.75 | C89: mm | D89: Flachnut Tiefe | E89: O-Ring flach
A90: d_nut_f_a | B90: =$B$87+2*$B$88 -> 67.6 | C90: mm | D90: Flachnut aussen | E90: O-Ring flach
A91: d_go_a | B91: 87 | C91: mm | D91: GFK-Ring oben, aussen | E91: GFK-Ring oben
A92: d_go_i | B92: =$B$210+2*$B$213 -> 60.8 | C92: mm | D92: GFK-Ring oben, innen. GEAENDERT v7: Spule passt hinein, vorher 53 | E92: GFK-Ring oben
A93: t_go | B93: 5.9 | C93: mm | D93: GFK-Ring oben, Dicke | E93: GFK-Ring oben
A94: d_go_senk | B94: =$B$4+2*$B$214 -> 62.2 | C94: mm | D94: Glassenkung unten, Durchmesser. GEAENDERT v7: zentriert den Ring auf dem Glasfuss, vorher 64 | E94: GFK-Ring oben
A95: h_go_senk | B95: 0.4 | C95: mm | D95: Glassenkung unten, Tiefe. GEAENDERT v5: vorher 0,9, gleicht den hoeheren Traeger aus | E95: GFK-Ring oben
A96: t_go_boden | B96: 1 | C96: mm | D96: Restdicke unter den Federsenkungen | E96: GFK-Ring oben
A97: d_go_fsenk | B97: 8.2 | C97: mm | D97: Federsenkung, Durchmesser | E97: GFK-Ring oben
A98: d_go_huelse | B98: 5.5 | C98: mm | D98: Bohrung fuer Distanzhuelse | E98: GFK-Ring oben
A99: d_go_bolzen | B99: 6 | C99: mm | D99: Bohrung fuer Keramikhuelse am Kontakt | E99: GFK-Ring oben
A100: sp_kopf | B100: 0.2 | C100: mm | D100: Luft um den Befestigungskopf in der Randnut | E100: GFK-Ring oben
A101: t_go_fsenk | B101: =$B$93-$B$96 -> 4.9 | C101: mm | D101: Federsenkung, Tiefe ab Oberseite | E101: GFK-Ring oben
A102: b_go_nut | B102: =$B$42+2*$B$100 -> 4.2 | C102: mm | D102: Randnut fuer Befestigung, Breite | E102: GFK-Ring oben
A103: r_go_nut | B103: =$B$34/2-$B$42/2-$B$100 -> 39.9 | C103: mm | D103: Randnut beginnt bei diesem RADIUS und laeuft nach aussen offen | E103: GFK-Ring oben
A104: d_dh_a | B104: 5 | C104: mm | D104: Distanzhuelse aussen | E104: Federn
A105: d_dh_i | B105: 3.2 | C105: mm | D105: Distanzhuelse innen | E105: Federn
A106: d_fe_a | B106: 7 | C106: mm | D106: Druckfeder aussen, hoechstens 7,8. Platzhalter bis zur Katalogwahl | E106: Federn
A107: d_fe_i | B107: 5.3 | C107: mm | D107: Druckfeder innen, mindestens 5,2 (Huelse Oe5). Platzhalter | E107: Federn
A108: l_fe_0 | B108: 5.3 | C108: mm | D108: Druckfeder, ungespannte Laenge. GEAENDERT v5: vorher 4, Platzhalter | E108: Federn
A109: l_fe_ein | B109: 3.8 | C109: mm | D109: Druckfeder, Einbaulaenge. GEAENDERT v5: vorher 2,5, dort passte keine Feder mit nennenswerter Kraft | E109: Federn
A110: d_sch | B110: 7 | C110: mm | D110: Scheibe M3 aussen | E110: Federn
A111: t_sch | B111: 0.5 | C111: mm | D111: Scheibe M3 Dicke | E111: Federn
A112: l_dh | B112: =$B$129+$B$96+$B$168+$B$109 -> 5.6 | C112: mm | D112: Laenge Distanzhuelse, folgt aus Luftspalt, Senkungsboden, Federscheibe und Feder | E112: Federn
A113: d_kh_a | B113: 5 | C113: mm | D113: Keramikhuelse Al2O3 aussen | E113: Kontakt
A114: d_kh_i | B114: 3.2 | C114: mm | D114: Keramikhuelse innen | E114: Kontakt
A115: ue_kh | B115: 0.5 | C115: mm | D115: Ueberstand der Huelse ueber den GFK-Ring | E115: Kontakt
A116: ue_kb | B116: 1 | C116: mm | D116: Bolzenueberstand ueber der Kontermutter | E116: Kontakt
A117: l_kh | B117: =$B$73+$B$129+$B$93+$B$115 -> 12.2 | C117: mm | D117: Laenge Keramikhuelse, steht auf dem Traeger | E117: Kontakt
A118: l_kb | B118: =$B$64+$B$117+2*$B$46+$B$47+$B$116 -> 24 | C118: mm | D118: Laenge Kontaktbolzen rechnerisch | E118: Kontakt
A119: l_kb_best | B119: =ROUNDUP($B$118,0) -> 24 | C119: mm | D119: Kontaktbolzen, auf ganze mm aufgerundet | E119: Kontakt
A120: sp_tr_pl | B120: 0.05 | C120: mm | D120: Traeger ist so viel niedriger als das Plattenauge | E120: Frontplatte
...

Sheet Inventor_Anleitung
A1: Inventor-Anleitung: jedes Teil Schritt für Schritt, jede Größe als Parameter
A3: Nr | B3: Befehl / Ort | C3: Was | D3: Parameter / Ausdruck
A5: Vorbereitung, gilt für jedes Bauteil
A6: 1 | B6: Neu > Norm (mm).ipt | C6: Neues Bauteil anlegen.
A7: 2 | B7: Verwalten > Parameter > Verknüpfen | C7: RFN_Aufnahme_Parameter.xlsx wählen, Startzelle A2, Verknüpfen (nicht Einbetten). In jedem Bauteil und auch in der Baugruppe. | D7: Startzelle A2
A8: 3 | B8: Bemaßung eintragen | C8: In jedes Maßfeld den Parameternamen oder einen Ausdruck tippen statt einer Zahl. Inventor zeigt danach fx: vor dem Maß. Steht irgendwo noch eine reine Zahl, ist das ein Fehler. | D8: z. B. d_tr_a oder d_lk_bef/2 - d_m2_kopf/2
A9: 4 | B9: Drehteile | C9: Skizze auf der XY-Ebene. Die Y-Achse ist die Neutralisatorachse, X ist der Radius. Unterseite des Bauteils liegt auf der X-Achse (Y = 0). Unterseite heißt: zur Blende und zum Austritt hin. Beim GFK-Ring oben ist es die Seite zum Glasfuß.
A10: 5 | B10: Mittellinie | C10: Eine Linie auf die Y-Achse legen und im Format-Menü als Mittellinie setzen. Bemaßt man eine Kante gegen die Mittellinie, macht Inventor daraus einen Durchmesser. So lassen sich alle d_-Parameter direkt eintragen, ohne /2. | D10: Mittellinie = Drehachse
A11: 6 | B11: Lochkreise | C11: Skizze auf der Fläche, X-Achse des Bauteils projizieren (Geometrie projizieren > Ursprung). Konstruktionskreis mit dem Lochkreis-Durchmesser um den Ursprung, ein Punkt auf dem Kreis, Konstruktionslinie vom Ursprung zum Punkt, Winkel zur projizierten X-Achse bemaßen. Bohrung auf den Punkt, danach Runde Anordnung um die Y-Achse über 360°. | D11: Kreis d_lk_… Winkel w_… Anzahl n_… Winkel gesamt 360 deg
A12: 7 | B12: Winkelsinn | C12: Alle Winkel von der +X-Achse aus, positiv um die +Y-Achse (Daumen der rechten Hand zeigt zum Glas). Eine Winkelbemaßung in Inventor hat KEIN Vorzeichen: 20° oberhalb und 20° unterhalb der X-Achse sehen gleich aus. Deshalb vor dem Bemaßen auf das Achsenkreuz unten links schauen: Für Winkel zwischen 0° und 180° muss der Punkt auf der Seite liegen, in die Z NICHT zeigt (negatives Z), für 180° bis 360° auf der Seite, in die Z zeigt. Und die Linie muss vom Ursprung aus zur +X-Seite gemessen werden, nicht zur −X-Seite. Kontrolle im fertigen Teil: Ansicht so drehen, dass im Achsenkreuz Y auf dich zeigt und X nach rechts; dann laufen alle Winkel gegen den Uhrzeigersinn, 20° liegt rechts oben. Skizzen auf Unterseiten sind gespiegelt. Nach dem ersten Lochkreis prüfen, dass die Kontaktbohrung (w_kontakt) bei allen Teilen an derselben Stelle liegt. WICHTIG: Lochkreise und Winkel nur auf Ebenen oder Flächen skizzieren, deren Normale nach +Y zeigt (zum Glas), also XZ-Ebene oder Oberseiten. Auf einer Fläche, die nach -Y zeigt (Unterseite, Taschenboden), schaut man von hinten auf die Skizze und alle Winkel werden gespiegelt. Für solche Stellen eine Arbeitsebene parallel zur XZ-Ebene in der passenden Höhe anlegen. Inventor bemaßt Winkel zwischen zwei Linien nur bis 180°. Liegt ein Element über 180°, die Linie in die linke Hälfte zeichnen und Winkel minus 180 eintragen. | D12: w_kontakt als Kontrolle
A13: 8 | B13: Gewindeeinsätze | C13: Als einfache Bohrung mit Einsatz-Bohrdurchmesser und Bohrtiefe. Das Gewinde nicht modellieren, in der Zeichnung als Gewindeeinsatz vermerken. | D13: d_ein_m2 / tb_ein_m2 d_ein_m25 / tb_ein_m25
A14: 9 | B14: Senkungen | C14: Bohrungsbefehl, Typ Senkung. Bohrdurchmesser, Senkdurchmesser und Senkwinkel aus der Tabelle. | D14: d_m2_durch, d_m2_senk, w_senk bzw. d_m25_durch, d_m25_senk, w_senk
A16: Blende | C16: Molybdän, Extrusion. Y = 0 ist die Austrittsseite.
A17: 1 | B17: Skizze auf XZ-Ebene | C17: Kreis um den Ursprung. | D17: Ø d_bl
A18: 2 | B18: Extrusion | C18: Abstand in +Y. | D18: t_bl
A19: 3 | B19: Skizze auf der Oberseite | C19: Lochkreis wie in Vorbereitung Schritt 6. | D19: Kreis d_lk_m2, Winkel w_m2
A20: 4 | B20: Bohrung | C20: Einfache Bohrung, durch alle. | D20: Ø d_bl_klemm
A21: 5 | B21: Runde Anordnung | C21: Bohrung aus Schritt 4. | D21: n_m2, 360 deg
A22: 6 | B22: Bohrung im Ursprung | C22: Öffnung der Standardblende, durch alle. Für andere Lochbilder statt dessen eine eigene Skizze innerhalb eines Konstruktionskreises d_bl_feld. Neue Maße dafür als Parameter unten an die Tabelle anhängen. | D22: Ø d_bl_loch, Lochfeld höchstens Ø d_bl_feld
A23: 7 | B23: Kerbe für den Kontaktbolzen | C23: Skizze auf der Oberseite: Konstruktionslinie Winkel w_kontakt, Länge r_kontakt, Kreis um das Linienende. Extrusion Differenz, durch alle. Jede Blendenvariante braucht diese Kerbe. | D23: Kreis Ø 2*r_bl_kerbe
A24: 8 | B24: Tipp | C24: Für mehrere Blendenvarianten lohnt ein iPart: gleiche Kontur und Kerbe, nur das Lochbild wechselt.
A26: Klemmring | C26: Edelstahl. Ring und Lasche in ZWEI Skizzen und zwei Extrusionen. Y = 0 ist die Austrittsseite.
A27: 1 | B27: Skizze 1 auf XZ-Ebene | C27: Zwei Kreise um den Ursprung. Skizze beenden. | D27: Ø d_kr_a, Ø d_kr_i
A28: 2 | B28: Extrusion | C28: Ringfläche, Richtung +Y. Damit ist der Ring fertig. | D28: t_kr
A29: 3 | B29: Skizze 2 auf XZ-Ebene | C29: Im Browser unter Ursprung: Mittelpunkt und X-Achse mit Rechtsklick > Geometrie projizieren. Ohne projizierte X-Achse lässt sich der Winkel nicht bemaßen.
A30: 4 | B30: Konstruktionslinie | C30: Linie, erster Klick genau auf den Ursprung (gelber Punkt), zweiter Klick schräg nach außen. Format > Konstruktion. Bemaßen: erst X-Achse, dann Linie anklicken = Winkel. Dann die Linie allein anklicken = Länge. | D30: Winkel w_kontakt, Länge r_kr_lasche
A31: 5 | B31: Rechteck, drei Punkte | C31: Grob entlang der Konstruktionslinie in der Nähe ihres Endes aufziehen. Lage egal, die kommt aus den Abhängigkeiten.
A32: 6 | B32: Abhängigkeit Symmetrisch | C32: Eine lange Seite, andere lange Seite, dann die Konstruktionslinie als Symmetrielinie. Rechteck liegt mittig und parallel zur Linie.
A33: 7 | B33: Abhängigkeit Koinzident | C33: Erst den Endpunkt der Konstruktionslinie, dann die äußere kurze Seite.
A34: 8 | B34: Bemaßungen | C34: Abstand der beiden langen Seiten. Dann Ursprungspunkt und innere kurze Seite anklicken = senkrechter Abstand. Die innere Kante liegt im Ringmaterial und verschwindet beim Vereinigen. | D34: b_kr_lasche und d_lk_m2/2
A35: 9 | B35: Skizzenpunkt | C35: Punkt auf die Konstruktionslinie setzen (rastet ein), Abstand vom Ursprung bemaßen. Statusleiste muss jetzt Vollständig bestimmt zeigen, sonst fehlt meist Schritt 7. | D35: r_kontakt
A36: 10 | B36: Extrusion, Vereinigung | C36: Nur das Rechteck als Profil, Richtung +Y. | D36: t_kr
A37: 11 | B37: Skizze 2 freigeben | C37: Browser: Rechtsklick auf Skizze 2 > Skizze freigeben, damit der Punkt für die Bohrung nutzbar bleibt.
A38: 12 | B38: Bohrung, Gewinde | C38: Platzierung Aus Skizze, Punkt aus Schritt 9, ISO-Gewinde M2,5, durch alle. Danach Skizze 2 ausblenden. | D38: M2,5x0,45 (Nenndurchmesser d_kb)
A39: 13 | B39: Skizze 3 für den Schlitz | C39: Wie Schritte 3 bis 8, aber die Konstruktionslinie vom Ursprung nach LINKS zeichnen, in die Gegenrichtung der Lasche. Inventor bemaßt Winkel nur bis 180°, deshalb nicht w_schlitz eintragen, sondern den Winkel zwischen X-Achse und Linie mit w_schlitz - 180. Kontrolle: Schlitz und Lasche liegen sich genau gegenüber. Rechteck symmetrisch, innen und außen eine Schlitzbreite über den Ring. | D39: Winkel w_schlitz - 180 (Linie links), Breite b_kr_schlitz, innere Seite d_kr_i/2 - b_kr_schlitz, äußere Seite d_kr_a/2 + b_kr_schlitz
A40: 14 | B40: Extrusion, Differenz | C40: Durch alle.
A41: 15 | B41: Skizze auf der XZ-Ebene | C41: Die XZ-Ebene liegt genau auf der Unterseite (Y = 0). NICHT auf die Unterseitenfläche selbst skizzieren, sonst wird der Lochkreis gespiegelt. Lochkreis wie Vorbereitung 6. Kontrolle: die erste M2 liegt 30° neben der Lasche, auf der dem Schlitz abgewandten Seite. | D41: Kreis d_lk_m2, Winkel w_m2
A42: 16 | B42: Bohrung, Senkung | C42: Aus Skizze, Senkung an der Skizzenebene (Y = 0), Bohrrichtung +Y, durch alle. Zeigt die Vorschau in die Luft, Richtung umkehren. | D42: d_m2_durch, d_m2_senk, w_senk
A43: 17 | B43: Runde Anordnung | C43: Senkbohrung aus Schritt 16. | D43: n_m2, 360 deg
A44: 18 | B44: NEU v4: Skizze auf der Oberseite | C44: Entlüftungskerben. Die Oberseite liegt an der Blende und zeigt nach +Y, hier wird nichts gespiegelt. Im Browser unter Ursprung Mittelpunkt und X-Achse projizieren. Konstruktionslinie vom Ursprung schräg nach außen, Winkel zur X-Achse und Länge bemaßen. Das Linienende liegt 1 mm außerhalb des Rings. | D44: Winkel w_m2, Länge r_kr_kerbe_a
A45: 19 | B45: Rechteck, drei Punkte | C45: Wie bei der Lasche: grob entlang der Linie aufziehen, Symmetrisch zur Konstruktionslinie, äußere kurze Seite Koinzident mit dem Linienende. Innere kurze Seite: senkrechten Abstand zum Ursprung bemaßen. Sie liegt dann genau in der Mitte der M2-Bohrung. | D45: Breite b_kr_kerbe, innere Seite d_lk_m2/2
A46: 20 | B46: Extrusion, Differenz | C46: Nur das Rechteck als Profil. Richtung −Y ins Material. Zeigt die Vorschau in die Luft, Richtung umkehren. | D46: Abstand t_kr_kerbe
A47: 21 | B47: Runde Anordnung | C47: Die Kerbe aus Schritt 20, um die Y-Achse. | D47: n_m2, 360 deg
A48: 22 | B48: Kontrolle | C48: Von oben schauen: jede M2-Bohrung hat eine Kerbe, die gerade nach außen zum Rand läuft. Lasche und Schlitz haben keine.
A49: 23 | B49: NEU v5b: Rundung Laschenecken | C49: Ändern > Rundung, die beiden senkrechten Kanten außen an der Lasche (bei r_kr_lasche). Damit passt die Lasche in den gerundeten Freistich des Trägers. | D49: Radius r_fr
A50: 24 | B50: NEU v5d: Rundung Laschenfuß | C50: Ändern > Rundung. Die beiden senkrechten Innenkanten, an denen die Seiten der Lasche in den Außenrand des Rings übergehen. Ein Fräser kann dort keine scharfe Innenecke machen. | D50: Radius r_kr_fuss
A52: Träger | C52: GFK, Drehung. Y = 0 ist die Unterseite, bündig mit dem Klemmring.
A53: 1 | B53: Skizze auf XY-Ebene | C53: Mittellinie auf die Y-Achse.
A54: 2 | B54: Profil zeichnen | C54: Geschlossener Linienzug A bis F, Durchmesser gegen die Mittellinie, Höhen ab X-Achse. t_tr_tasche wird von der Unterkante A–B bis zur kurzen Kante E–F bemaßt, NICHT von oben. Kontrolle: Taschenboden bei Y = 2,0: A (d_tr_tasche | 0) B (d_tr_a | 0) C (d_tr_a | h_tr) D (d_tr_i | h_tr) E (d_tr_i | t_tr_tasche) F (d_tr_tasche | t_tr_tasche) | D54: d_tr_a, d_tr_i, d_tr_tasche, h_tr, t_tr_tasche
A55: 3 | B55: Drehung | C55: 360° um die Mittellinie.
A56: 4 | B56: Skizze auf der XZ-Ebene | C56: Liegt auf der Unterseite (Y = 0), nicht auf die Fläche selbst skizzieren. Freistich für die Lasche. Konstruktionslinie unter Winkel, Rechteck symmetrisch dazu. Innere Kante liegt in der Tasche, äußere beim Freistichradius. | D56: Winkel w_kontakt, Breite b_tr_frei, innere Kante d_lk_m2/2, äußere Kante r_tr_frei
A57: 5 | B57: Extrusion, Differenz | C57: In +Y schneiden. | D57: Abstand t_kr
A58: 6 | B58: Arbeitsebene + Skizze | C58: Arbeitsebene parallel zur XZ-Ebene im Abstand t_tr_tasche anlegen (Ebene > Versetzt von Ebene). Der Taschenboden selbst zeigt nach -Y und würde den Lochkreis spiegeln. Auf der Arbeitsebene den Lochkreis skizzieren. | D58: Abstand t_tr_tasche, Kreis d_lk_m2, Winkel w_m2
A59: 7 | B59: Bohrung | C59: Einfache Bohrung für den Gewindeeinsatz M2, in +Y. GEÄNDERT v5: Bohrspitze auf FLACH stellen (im Bohrungsdialog unter Bohrspitze), gefertigt mit Schaftfräser. Mit 118°-Spitze bliebe kein GFK über dem Einsatz. | D59: Ø d_ein_m2, Tiefe tb_ein_m2, Bohrspitze flach
A60: 8 | B60: Runde Anordnung | D60: n_m2, 360 deg
A61: 9 | B61: Skizze auf der Oberseite | C61: Lochkreis der Trägerschrauben. | D61: Kreis d_lk_m25, Winkel w_m25
A62: 10 | B62: Bohrung | C62: Einfache Bohrung für den Gewindeeinsatz M2,5, in −Y. GEÄNDERT v5: Abschluss DURCH ALLE. Der Lochkreis ist jetzt d_lk_m25 = 76, die Bohrung liegt neben der Tasche und tritt hinten aus. | D62: Ø d_ein_m25, durch alle
A63: 11 | B63: Runde Anordnung | D63: n_m25, 360 deg
A64: 12 | B64: Skizze auf der Oberseite | C64: Punkt für den Kontaktbolzen. | D64: Abstand r_kontakt, Winkel w_kontakt
A65: 13 | B65: Bohrung | C65: Durch alle, endet im Freistich. | D65: Ø d_tr_bolzen
A66: 14 | B66: NEU v4: Skizze auf der XZ-Ebene | C66: Entlüftungsbohrungen. XZ-Ebene = Unterseite, nicht auf die Fläche selbst skizzieren. Lochkreis wie Vorbereitung 6. | D66: Kreis d_ent_m, Winkel w_ent
A67: 15 | B67: Bohrung | C67: Einfach, durch alle, Richtung +Y. Kommt oben genau in der Entlüftungsnut des Stahlrings an. | D67: Ø d_ent_bohr
A68: 16 | B68: Runde Anordnung | C68: Bohrung aus Schritt 15. | D68: n_ent, 360 deg
A69: 17 | B69: Skizze auf der Oberseite | C69: Querkerbe unter dem Hülsenfuß. Die Oberseite zeigt nach +Y, kein Spiegeln. Geometrie projizieren: die Kante der Bolzenbohrung anklicken, Inventor holt ihren Mittelpunkt mit. Mittelpunkt und X-Achse des Ursprungs ebenfalls projizieren. Konstruktionslinie vom Ursprung genau auf den Mittelpunkt der Bohrung (rastet ein). Diese Linie zeigt radial.
A70: 18 | B70: Langloch Mittelpunkt | C70: GEÄNDERT v5b, statt Rechteck, damit die Enden wie vom Ø0,8-Fräser rund sind. Skizze > Langloch > Mittelpunkt: Klick 1 genau auf den Mittelpunkt der Bohrung, Klick 2 quer zur Konstruktionslinie (ein Bogenmittelpunkt), Klick 3 seitlich (Breite). Abhängigkeit Senkrecht: eine gerade Seite, dann die Konstruktionslinie. Bemaßen: EINE gerade Seite allein anklicken, das gibt ihre wahre Länge = Abstand der Bogenmittelpunkte. Nicht zwei Punkte anklicken, sonst bietet Inventor nur waagerecht oder senkrecht an. Dann Abstand der beiden geraden Seiten. | D70: gerade Seite l_tr_kerbe - b_tr_kerbe, Breite b_tr_kerbe
A71: 19 | B71: Extrusion, Differenz | C71: Als Profil alle Flächen des Langlochs anklicken, auch das Stück innerhalb des projizierten Kreises. Richtung −Y ins Material. | D71: Abstand t_tr_kerbe
A72: 20 | B72: Kontrolle | C72: Die Kerbe kreuzt die Bolzenbohrung quer und steht auf beiden Seiten 0,5 mm über den Hülsenfuß hinaus. Sie zeigt nicht zur Achse.
A73: 21 | B73: NEU v5b: Rundung Freistich-Ecken | C73: Ändern > Rundung, die beiden senkrechten Innenkanten am äußeren Ende des Freistichs (bei r_tr_frei). Ein Fräser kann keine scharfe Innenecke machen. | D73: Radius r_fr
A74: 22 | B74: NEU v5c: Fase am Freistich-Eingang | C74: Ändern > Fase, Abstand. Die beiden senkrechten Außenkanten, an denen die Seitenwände des Freistichs auf die Taschenwand treffen. Dort sitzt am Klemmring die kleine Innenrundung des Laschenfußes. | D74: Abstand f_tr_frei
A76: Edelstahlring | C76: Drehteil, dann Nuten als Dreh-Schnitte, dann eine Sammelskizze für alle Bohrungen von oben. Y = 0 ist die Unterseite auf Platte und Träger.
A77: 1 | B77: Skizze 1 auf XY-Ebene | C77: X- und Y-Achse projizieren, Mittellinie auf die Y-Achse (Format > Mittellinie).
A78: 2 | B78: Rechteck, zwei Punkte | C78: Erster Punkt auf der X-Achse rechts, zweiter schräg rechts oben. Koinzident: untere Kante auf X-Achse.
A79: 3 | B79: Bemaßung | C79: Mittellinie + innere Kante = Ø, Mittellinie + äußere Kante = Ø, Höhe der Seitenkante. | D79: d_st_i, d_st_a, h_st
A80: 4 | B80: Drehung | C80: 360° um die Mittellinie.
A81: 5 | B81: Skizze 2 auf XY-Ebene: Flachnut | C81: Mittellinie wie oben. Kleines Rechteck, untere Kante auf der X-Achse (Unterseite), Lage rechts zwischen Bohrung und Außenkante. | D81: Ø d_nut_f_i, Ø d_nut_f_a, Höhe t_nut_f
A82: 6 | B82: Drehung, Differenz | C82: 360°, Ausgabe Differenz. Unten entsteht die Ringnut für den flachen O-Ring.
A83: 7 | B83: Skizze 3 auf XY-Ebene: Radialnut | C83: Mittellinie wie oben. Kleines Rechteck, innere Kante genau auf der Bohrungskante. | D83: Ø d_st_i (innen), Ø d_nut_r (außen), Abstand X-Achse bis Unterkante z_nut_r, Höhe b_nut_r
A84: 8 | B84: Drehung, Differenz | C84: 360°, Differenz. In der Bohrung entsteht die Nut für den radialen O-Ring.
A85: 9 | B85: Sammelskizze auf der Oberseite | C85: Eine Skizze für fünf Bohrungstypen. X-Achse projizieren. Fünf Konstruktionslinien vom Ursprung, jede mit Winkel zur X-Achse und Länge, an jedes Ende ein Punkt. Alle Winkel unter 180°: Punkte auf die Seite, in die Z NICHT zeigt. | D85: M3: w_m3, d_lk_m3/2 | Befestigung: w_bef, d_lk_bef/2 | M2,5: w_m25, d_lk_m25/2 | Stift: w_stift, d_lk_bef/2 | Hülse: w_kontakt, r_kontakt
A86: 10 | B86: Skizze freigeben | C86: Browser: Rechtsklick auf die Sammelskizze > Skizze freigeben. Sie bleibt für alle folgenden Bohrungen sichtbar.
A87: 11 | B87: Bohrung M3 | C87: Aus Skizze, nur den M3-Punkt wählen (andere mit Strg abwählen). Gewinde ISO M3, durch alle. | D87: M3x0,5
A88: 12 | B88: Bohrung Befestigung | C88: Nur Befestigungspunkt, einfach, durch alle. | D88: Ø d_bef_durch
A89: 13 | B89: Bohrung M2,5 | C89: Nur M2,5-Punkt, Senkung, durch alle. | D89: d_m25_durch, d_m25_senk, w_senk
A90: 14 | B90: Bohrung Stift | C90: Nur Stiftpunkt, einfach, durch alle, Passung H7 in der Zeichnung. | D90: Ø d_stift
A91: 15 | B91: Bohrung Hülse | C91: Nur Hülsenpunkt, einfach, durch alle. | D91: Ø d_st_huelse
A92: 16 | B92: Runde Anordnungen | C92: Um die Y-Achse, Winkel 360 deg. | D92: M3: n_m3 | Befestigung: n_bef | M2,5: n_m25
A93: 17 | B93: Messen | C93: Mittelpunkte mit Messen prüfen, Z muss negativ sein (Tabelle in der Anleitung).
A94: 18 | B94: Arbeitsebene 1 | C94: Ebene > Winkel zu Ebene um Kante: YZ-Ebene, dann Y-Achse, Winkel. | D94: w_rad
A95: 19 | B95: Arbeitsebene 2 | C95: Ebene > Tangential zu Fläche und parallel zu Ebene: Außenzylinder, dann Arbeitsebene 1. Inventor nimmt die Seite, auf die du am Zylinder klickst. Kontrolle nach der Bohrung mit Messen: erstes Gewinde außen bei X 0,00 / Z −44,00. Liegt es bei Z +44,00, Ebene neu definieren und die andere Seite des Zylinders anklicken.
A96: 20 | B96: Skizze auf Arbeitsebene 2 | C96: Arbeitsebene 1 und die untere Außenkante projizieren. Punkt auf die projizierte Linie der Arbeitsebene 1, Abstand zur Unterkante. | D96: z_m3_rad
A97: 21 | B97: Bohrung | C97: Gewinde ISO M3, in das Material. Zwei Tiefen: Gewindetiefe und Bohrtiefe. Bohrspitze 118°. | D97: Gewindetiefe t_m3_rad, Bohrtiefe tb_m3_rad
A98: 22 | B98: Runde Anordnung 1 | C98: Die Radialbohrung, Anzahl 2. Unter >> Positionierung Inkrementell, Winkel. | D98: 2, dw_rad
A99: 23 | B99: Runde Anordnung 2 | C99: Beide Radialbohrungen, Anzahl, 360 deg, Positionierung Anpassen. | D99: n_bl, 360 deg
A100: 24 | B100: NEU v4: Skizze auf XY-Ebene: Entlüftungsnut | C100: Wie Skizze 2 der Flachnut: Mittellinie auf die Y-Achse, kleines Rechteck mit der unteren Kante auf der X-Achse, zwischen Flachnut und Außenkante. | D100: Ø d_ent_i, Ø d_ent_a, Höhe t_ent
A101: 25 | B101: Drehung, Differenz | C101: 360°. Unten entsteht ein flacher Einstich, der die M3-Gewinde, die M2,5-Durchgänge und die Hülsenbohrung anschneidet.
A102: 26 | B102: Skizze auf der XZ-Ebene: Kerben | C102: XZ-Ebene = Unterseite, nicht auf die Fläche selbst skizzieren. Ursprung projizieren und die Kante EINER Befestigungsbohrung (Ø d_bef_durch) projizieren, Inventor holt ihren Mittelpunkt mit. Konstruktionslinie vom Ursprung genau auf diesen Mittelpunkt. Damit liegt die Kerbe sicher auf w_bef = w_ent, ohne Winkelmaß. Linienlänge NICHT bemaßen, sie ist durch den Mittelpunkt schon fest (r 42). Die Langloch-Mittelpunkte liegen auf der Linie. | D102: Kerbe auf w_bef (= w_ent)
A103: 27 | B103: Langloch, Mittelpunkt zu Mittelpunkt | C103: Register Skizze > Erstellen > kleiner Pfeil unter Rechteck > Langloch Mittelpunkt zu Mittelpunkt. Frei NEBEN der Konstruktionslinie zeichnen. Koinzident: beide Bogenmittelpunkte auf die Linie. Bemaßen (ausgerichtet): Ursprung bis innerer Bogenmittelpunkt, Ursprung bis äußerer Bogenmittelpunkt, Abstand der geraden Kanten. Vollständig bestimmt. | D103: r_ent_k1, r_ent_k2, Breite b_ent_k
A104: 28 | B104: Extrusion, Differenz | C104: Nur das Langloch als Profil, Richtung +Y ins Material. | D104: Abstand t_ent
A105: 29 | B105: Runde Anordnung | C105: Kerbe aus Schritt 28, um die Y-Achse. | D105: n_ent, 360 deg
A106: 30 | B106: Kontrolle | C106: Ansicht von unten: drei kurze Kerben verbinden die Flachnut mit der Entlüftungsnut, genau innen vor den drei Befestigungsbohrungen (60°, 180°, 300°). Messen: Kerbe bei 60° liegt bei X +17,6 / Z −30,4. Keine Kerbe läuft nach innen über die Flachnut hinaus.
...

Sheet Baugruppe
A1: Baugruppe: Abhängigkeiten. Parameterdatei auch in der Baugruppe verknüpfen, dann gehen Ausdrücke im Versatzfeld.
A3: Nr | B3: Bauteil | C3: Element | D3: an Bauteil | E3: Element | F3: Abhängigkeit | G3: Versatz / Hinweis
A4: 0 | B4: Vorbereitung | C4: Parameterdatei auch in der Baugruppe verknüpfen (Verwalten > Parameter > Verknüpfen) | D4: — | E4: — | F4: — | G4: Dann gehen Parameternamen im Versatzfeld
A5: 1 | B5: Blende | C5: — | D5: — | E5: — | F5: Fixieren | G5: Erstes Bauteil. Ihr Ursprung ist der Ursprung der Baugruppe, z = 0 = Blendenunterseite
A6: 2 | B6: Klemmring | C6: Y-Achse | D6: Blende | E6: Y-Achse | F6: Passend (Achsen)
A7: 3 | B7: Klemmring | C7: XY-Ebene | D7: Blende | E7: XY-Ebene | F7: Fluchtend, 0 | G7: legt den Winkel fest, alle Bohrungen fluchten automatisch
A8: 4 | B8: Klemmring | C8: XZ-Ebene | D8: Blende | E8: XZ-Ebene | F8: Fluchtend, Versatz | G8: z_kr_unten (= −1,5, Klemmring liegt UNTER der Blende)
A9: 5 | B9: Träger | C9: Y-Achse | D9: Blende | E9: Y-Achse | F9: Passend (Achsen)
A10: 6 | B10: Träger | C10: XY-Ebene | D10: Blende | E10: XY-Ebene | F10: Fluchtend, 0
A11: 7 | B11: Träger | C11: XZ-Ebene | D11: Blende | E11: XZ-Ebene | F11: Fluchtend, Versatz | G11: z_kr_unten (Unterseite bündig mit dem Klemmring)
A12: 8 | B12: Edelstahlring | C12: Y-Achse / XY-Ebene | D12: Blende | E12: Y-Achse / XY-Ebene | F12: Passend / Fluchtend 0
A13: 9 | B13: Edelstahlring | C13: XZ-Ebene | D13: Blende | E13: XZ-Ebene | F13: Fluchtend, Versatz | G13: z_tr_oben (= 4,5)
A14: 10 | B14: GFK-Ring oben | C14: Y-Achse / XY-Ebene | D14: Blende | E14: Y-Achse / XY-Ebene | F14: Passend / Fluchtend 0
A15: 11 | B15: GFK-Ring oben | C15: XZ-Ebene | D15: Blende | E15: XZ-Ebene | F15: Fluchtend, Versatz | G15: z_go_unten (= 10,3)
A16: 12 | B16: Glasgefäß | C16: Z-Achse (seine Achse) | D16: Blende | E16: Y-Achse | F16: Passend (Achsen) | G16: Glas wurde mit Achse Z modelliert
A17: 13 | B17: Glasgefäß | C17: Bodenfläche | D17: Blende | E17: Oberseite | F17: Passend | G17: Hals muss nach +Y zeigen
A18: 14 | B18: Prüfen | C18: Klemmring-Unterseite | D18: Träger | E18: Unterseite | F18: Analyse > Abstand | G18: 0
A19: 15 | B19: Prüfen | C19: Blende-Oberseite | D19: Träger | E19: Taschenboden | F19: Analyse > Abstand | G19: 0
A20: 16 | B20: Prüfen | C20: GFK-Ring Unterseite | D20: Edelstahlring | E20: Oberseite | F20: Analyse > Abstand | G20: sp_go_st = 0,3
A21: 17 | B21: Prüfen | C21: Laschengewinde | D21: Träger | E21: Bolzenbohrung | F21: Achsen fluchten? | G21: sonst XY-Ebene um 180° falsch, Fluchtend statt Passend nehmen
A22: 18 | B22: O-Ring radial | C22: Mittelebene (XZ) | D22: Edelstahlring | E22: XZ-Ebene | F22: Fluchtend, Versatz | G22: z_nut_r + b_nut_r/2
A23: 19 | B23: O-Ring flach | C23: Mittelebene (XZ) | D23: Edelstahlring | E23: XZ-Ebene | F23: Fluchtend, Versatz | G23: t_nut_f - d2_or_f/2
A24: 20 | B24: Keramikhülse | C24: Unterseite / Achse | D24: Träger / Edelstahlring | E24: Oberseite / Hülsenbohrung | F24: Passend | G24: steht auf dem Träger
A25: 21 | B25: Kontaktbolzen | C25: Achse / untere Stirnfläche | D25: Klemmring | E25: Laschengewinde / Unterseite | F25: Passend / Fluchtend | G25: bündig mit der Unterseite
A26: 22 | B26: Muttern, Kabelschuh | C26: Unterseite / Achse | D26: Keramikhülse | E26: Oberseite / Achse | F26: Passend | G26: Mutter, Kabelschuh, Kontermutter
... A45: 41 | B45: Prüfen | C45: Spule, Stäbe, GFK-Ring | D45: — | E45: — | F45: Inspect > Analyze Interference | G45: keine Überschneidung. Inspect > Measure Spule zu Lippe: 1,15. Spule zu Bohrung Ø60,8: 0,3

Sheet Auslegung
A1: Werkstoff- und Federwerte, nicht mit Inventor verknuepft
A3: alpha_st | B3: 1.6e-05 | C3: 1/K | D3: Edelstahl 1.4301, linearer Ausdehnungskoeffizient
A4: alpha_q | B4: 5.5e-07 | C4: 1/K | D4: Quarzglas
A5: alpha_gfk | B5: 1.3e-05 | C5: 1/K | D5: GFK in Faserrichtung (Ringebene)
A6: alpha_mo | B6: 4.8e-06 | C6: 1/K | D6: Molybdaen
A7: dT | B7: 150 | C7: K | D7: Temperaturhub fuer die Pruefungen, von 20 auf 170 Grad C. Nach COMSOL anpassen
A8: c_fe | B8: 8 | C8: N/mm | D8: Federrate der Druckfedern, Platzhalter bis zur Katalogwahl (v5: vorher 12)
A9: dh_glas | B9: 0.1 | C9: mm | D9: Angenommene Abweichung der Glasfusshoehe
A11: Rechenwerte
A12: F_feder | B12: =$B$8*(Parameter!$B$108-Parameter!$B$109) -> 12 | C12: N | D12: Kraft je Feder
A13: F_gesamt | B13: =Parameter!$B$33*B12 -> 108 | C13: N | D13: Summe aller Federn, haelt das Glas auf der Blende
A14: dF_glas | B14: =$B$8*$B$9 -> 0.8 | C14: N | D14: Kraftaenderung je Feder, wenn der Glasfuss um dh_glas abweicht
A15: p_auflage | B15: =B13/(PI()/4*(Parameter!$B$3^2-Parameter!$B$2^2)) -> 0.10073983 | C15: MPa | D15: Flaechenpressung Glasboden auf Blende (Fase vernachlaessigt)
A16: s_or_r_warm | B16: =(Parameter!$B$82*(1+Parameter!$B$172*Parameter!$B$173)-(Parameter!$B$79*(1+$B$3*Parameter!$B$173)-Parameter!$B$4*(1+$B$4*Parameter!$B$173))/2)/(Parameter!$B$82*(1+Parameter!$B$172*Parameter!$B$173)) -> 0.22648916 | C16: ul | D16: Radiale Verpressung warm (dT_or), Ring und Nut dehnen sich aus
A17: f_or_r | B17: =PI()*Parameter!$B$82^2/4/(Parameter!$B$75*(Parameter!$B$79-Parameter!$B$4)/2) -> 0.74735211 | C17: ul | D17: Fuellgrad Radialnut kalt
A18: f_or_r_warm | B18: =B17*(1+Parameter!$B$172*Parameter!$B$173)^3/((Parameter!$B$79*(1+$B$3*Parameter!$B$173)-Parameter!$B$4)/(Parameter!$B$79-Parameter!$B$4)) -> 0.8538668 | C18: ul | D18: Fuellgrad Radialnut warm, FFKM dehnt sich, Nut wird breiter
A19: s_or_f | B19: =(Parameter!$B$86-Parameter!$B$89)/Parameter!$B$86 -> 0.25 | C19: ul | D19: Verpressung Flach-O-Ring
A20: f_or_f | B20: =PI()*Parameter!$B$86^2/4/(Parameter!$B$88*Parameter!$B$89) -> 0.74799825 | C20: ul | D20: Fuellgrad Flachnut
A21: dehn_or_f | B21: =Parameter!$B$87/Parameter!$B$85-1 -> 0.0125 | C21: ul | D21: Dehnung Flach-O-Ring auf dem Nutgrund
A22: dehn_or_r | B22: =Parameter!$B$4/Parameter!$B$81-1 -> 0.0081300813 | C22: ul | D22: Dehnung radialer O-Ring auf dem Glasfuss
A23: dr_mo_gfk | B23: =Parameter!$B$28/2*($B$5-$B$6)*$B$7 -> 0.041205 | C23: mm | D23: Verschiebung GFK gegen Blende am M2-Lochkreis, warm

Sheet Pruefungen
A1: Pruefungen. Jede Zeile muss ok zeigen, sonst die Eingaben im Blatt Parameter aendern.
A3: Pruefung | B3: Wert | C3: Einheit | D3: Soll min | E3: Soll max | F3: Status | G3: Warum
A4: Luft GFK-Ring oben zu Stahl | B4: =Parameter!$B$129 -> 0.3 | C4: mm | D4: 0.15 | E4: 0.5 | F4: =IF(AND(B4>=D4,B4<=E4),"ok","PRÜFEN") -> ok | G4: Darf nie null werden, sonst wird der GFK-Ring zum zweiten Anschlag
A5: Luft im ungünstigsten Fall | B5: =Parameter!$B$129-0.12 -> 0.18 | C5: mm | D5: 0.05 | E5: 0.5 | F5: =IF(AND(B5>=D5,B5<=E5),"ok","PRÜFEN") -> ok | G5: Toleranzkette ±0,12 abgezogen
A6: Radiale Verpressung kalt | B6: =Parameter!$B$84 -> 0.22641509 | C6: ul | D6: 0.15 | E6: 0.25 | F6: =IF(AND(B6>=D6,B6<=E6),"ok","PRÜFEN") -> ok | G6: Statische Radialdichtung
A7: Radiale Verpressung, Glas ganz außermittig, min | B7: =(Parameter!$B$82-((Parameter!$B$79-Parameter!$B$4)/2+Parameter!$B$142))/Parameter!$B$82 -> 0.18867925 | C7: ul | D7: 0.12 | E7: 0.3 | F7: =IF(AND(B7>=D7,B7<=E7),"ok","PRÜFEN") -> ok | G7: Glas liegt auf einer Seite am Träger an
A8: Radiale Verpressung, Glas ganz außermittig, max | B8: =(Parameter!$B$82-((Parameter!$B$79-Parameter!$B$4)/2-Parameter!$B$142))/Parameter!$B$82 -> 0.26415094 | C8: ul | D8: 0.12 | E8: 0.3 | F8: =IF(AND(B8>=D8,B8<=E8),"ok","PRÜFEN") -> ok | G8: Gegenseite
A9: Glas berührt den Stahl nie | B9: =Parameter!$B$143-Parameter!$B$142 -> 0.2 | C9: mm | D9: 0.1 | E9: 1 | F9: =IF(AND(B9>=D9,B9<=E9),"ok","PRÜFEN") -> ok | G9: Träger zentriert, Stahl hat mehr Luft
A10: Radiale Verpressung warm | B10: =Auslegung!$B$16 -> 0.22648916 | C10: ul | D10: 0.12 | E10: 0.3 | F10: =IF(AND(B10>=D10,B10<=E10),"ok","PRÜFEN") -> ok | G10: Bei dT_or: Stahlnut wächst, FFKM-Schnur auch
A11: Füllgrad Radialnut | B11: =Auslegung!$B$17 -> 0.74735211 | C11: ul | D11: 0.6 | E11: 0.85 | F11: =IF(AND(B11>=D11,B11<=E11),"ok","PRÜFEN") -> ok | G11: kalt
A12: Füllgrad Radialnut warm | B12: =Auslegung!$B$18 -> 0.8538668 | C12: ul | D12: 0.6 | E12: 0.9 | F12: =IF(AND(B12>=D12,B12<=E12),"ok","PRÜFEN") -> ok | G12: FFKM dehnt sich stärker als FKM, unter 90 % bleiben
A13: Radialnut über dem Glaszylinder unten | B13: =Parameter!$B$131-(Parameter!$B$8+Parameter!$B$5) -> 3.7 | C13: mm | D13: 0.3 | E13: 20 | F13: =IF(AND(B13>=D13,B13<=E13),"ok","PRÜFEN") -> ok | G13: Nut darf nicht über der Glasfase liegen
A14: Radialnut unter der Fußoberseite | B14: =(Parameter!$B$8+Parameter!$B$6)-Parameter!$B$132 -> 1.4 | C14: mm | D14: 0.3 | E14: 20 | F14: =IF(AND(B14>=D14,B14<=E14),"ok","PRÜFEN") -> ok | G14: Nut muss vollständig am Glaszylinder liegen
A15: Steg Stahl über der Radialnut | B15: =Parameter!$B$73-Parameter!$B$74-Parameter!$B$75 -> 0.7 | C15: mm | D15: 0.5 | E15: 5 | F15: =IF(AND(B15>=D15,B15<=E15),"ok","PRÜFEN") -> ok | G15: Restwand oben
A16: Wand zwischen Flachnut und Radialnut | B16: =Parameter!$B$74-Parameter!$B$89 -> 0.45 | C16: mm | D16: 0.3 | E16: 5 | F16: =IF(AND(B16>=D16,B16<=E16),"ok","PRÜFEN") -> ok | G16: Beide Nuten überlappen radial
A17: Verpressung Flach-O-Ring | B17: =Auslegung!$B$19 -> 0.25 | C17: ul | D17: 0.2 | E17: 0.3 | F17: =IF(AND(B17>=D17,B17<=E17),"ok","PRÜFEN") -> ok | G17: Fuge ist fest verschraubt, Ring auf Block
A18: Füllgrad Flachnut | B18: =Auslegung!$B$20 -> 0.74799825 | C18: ul | D18: 0.6 | E18: 0.85 | F18: =IF(AND(B18>=D18,B18<=E18),"ok","PRÜFEN") -> ok
A19: Dehnung Flach-O-Ring | B19: =Auslegung!$B$21 -> 0.0125 | C19: ul | D19: 0 | E19: 0.03 | F19: =IF(AND(B19>=D19,B19<=E19),"ok","PRÜFEN") -> ok | G19: Hält den Ring beim Montieren in der Nut
A20: Flachnut zur Stahlbohrung | B20: =(Parameter!$B$87-Parameter!$B$71)/2 -> 1.1 | C20: mm | D20: 0.3 | E20: 3 | F20: =IF(AND(B20>=D20,B20<=E20),"ok","PRÜFEN") -> ok | G20: Restwand innen
A21: Flachnut zu den M2,5-Durchgängen | B21: =(Parameter!$B$30-Parameter!$B$39)/2-Parameter!$B$90/2 -> 2.85 | C21: mm | D21: 0.3 | E21: 5 | F21: =IF(AND(B21>=D21,B21<=E21),"ok","PRÜFEN") -> ok | G21: Die Durchgänge müssen außerhalb der Dichtung liegen
A22: M2,5-Senkung zur Radialnut | B22: =(Parameter!$B$30-(Parameter!$B$40-2*(Parameter!$B$73-Parameter!$B$74-Parameter!$B$75)))/2-Parameter!$B$79/2 -> 2.9 | C22: mm | D22: 0.3 | E22: 5 | F22: =IF(AND(B22>=D22,B22<=E22),"ok","PRÜFEN") -> ok | G22: Senkung auf Höhe der Nut-Oberkante gemessen
A23: M2-Senkkopf bündig | B23: =(Parameter!$B$37-2)/2-Parameter!$B$38 -> 0 | C23: mm | D23: 0 | E23: 0.1 | F23: =IF(AND(B23>=D23,B23<=E23),"ok","PRÜFEN") -> ok | G23: Kopf darf nicht aus dem Klemmring stehen
A24: M2,5-Senkkopf bündig | B24: =(Parameter!$B$40-2.5)/2-Parameter!$B$41 -> 0 | C24: mm | D24: 0 | E24: 0.1 | F24: =IF(AND(B24>=D24,B24<=E24),"ok","PRÜFEN") -> ok | G24: Kopf darf nicht über den Stahlring stehen, dort sind nur 0,3 mm Luft zum GFK-Ring
A25: Träger: Einsatz M2 zur Innenbohrung | B25: =(Parameter!$B$28-Parameter!$B$48-Parameter!$B$59)/2 -> 1.35 | C25: mm | D25: 0.8 | E25: 5 | F25: =IF(AND(B25>=D25,B25<=E25),"ok","PRÜFEN") -> ok | G25: GFK-Restwand
A26: Träger: Wand um die Tasche | B26: =(Parameter!$B$58-Parameter!$B$65)/2 -> 3.95 | C26: mm | D26: 1.5 | E26: 6 | F26: =IF(AND(B26>=D26,B26<=E26),"ok","PRÜFEN") -> ok | G26: Isolation Klemmring gegen Frontplatte
A27: Träger: GFK über Einsatz M2 | B27: =Parameter!$B$60-Parameter!$B$69 -> 0.8 | C27: mm | D27: 0.7 | E27: 5 | F27: =IF(AND(B27>=D27,B27<=E27),"ok","PRÜFEN") -> ok | G27: M2 auf Blendenpotential, darüber Stahl
A28: Träger: GFK zwischen Einsatz M2,5 und Tasche | B28: =(Parameter!$B$30-Parameter!$B$167-Parameter!$B$65)/2 -> 0.4 | C28: mm | D28: 0.3 | E28: 5 | F28: =IF(AND(B28>=D28,B28<=E28),"ok","PRÜFEN") -> ok | G28: M2,5 auf Stahlpotential, Klemmring auf Blendenpotential
A29: Träger: GFK zwischen Einsatz M2,5 und Platte | B29: =(Parameter!$B$58-Parameter!$B$30-Parameter!$B$167)/2 -> 0.45 | C29: mm | D29: 0.3 | E29: 5 | F29: =IF(AND(B29>=D29,B29<=E29),"ok","PRÜFEN") -> ok | G29: Platte und Stahl gleiches Potential, nur mechanisch
A30: M2,5 nicht auf dem Lochkreis der M3 | B30: =MIN(MOD(Parameter!$B$23-Parameter!$B$24,360/Parameter!$B$33),360/Parameter!$B$33-MOD(Parameter!$B$23-Parameter!$B$24,360/Parameter!$B$33)) -> 20 | C30: deg | D30: 10 | E30: 20 | F30: =IF(AND(B30>=D30,B30<=E30),"ok","PRÜFEN") -> ok | G30: Beide jetzt auf Ø76
A31: Blende: Steg außen am Klemmloch | B31: =(Parameter!$B$9-Parameter!$B$28-Parameter!$B$12)/2 -> 1 | C31: mm | D31: 0.5 | E31: 5 | F31: =IF(AND(B31>=D31,B31<=E31),"ok","PRÜFEN") -> ok
A32: Blende: Lochfeld in der Glasbohrung | B32: =Parameter!$B$2-Parameter!$B$10 -> 6 | C32: mm | D32: 2 | E32: 40 | F32: =IF(AND(B32>=D32,B32<=E32),"ok","PRÜFEN") -> ok | G32: Kein Loch unter dem Glasboden
A33: Klemmring: Senkkopf im Ring | B33: =Parameter!$B$15/2-(Parameter!$B$28+Parameter!$B$37)/2 -> 0.3 | C33: mm | D33: 0.2 | E33: 5 | F33: =IF(AND(B33>=D33,B33<=E33),"ok","PRÜFEN") -> ok
A34: Klemmring: Senkkopf in der Dicke | B34: =Parameter!$B$13-Parameter!$B$38 -> 0.3 | C34: mm | D34: 0.2 | E34: 2 | F34: =IF(AND(B34>=D34,B34<=E34),"ok","PRÜFEN") -> ok | G34: Kopf bündig versenkt
A35: Einschraubtiefe M2 Klemmung | B35: =Parameter!$B$53-Parameter!$B$13-Parameter!$B$8 -> 2 | C35: mm | D35: 1.5 | E35: 99 | F35: =IF(AND(B35>=D35,B35<=E35),"ok","PRÜFEN") -> ok | G35: Mindestens 0,75 d im Einsatz
A36: M2 Klemmung nicht zu lang | B36: =Parameter!$B$69-(Parameter!$B$53-Parameter!$B$13-Parameter!$B$8) -> 1.2 | C36: mm | D36: 0.2 | E36: 5 | F36: =IF(AND(B36>=D36,B36<=E36),"ok","PRÜFEN") -> ok | G36: Schraube darf nicht auf den Bohrgrund
A37: Einschraubtiefe M2,5 Träger | B37: =Parameter!$B$54-Parameter!$B$73 -> 4.5 | C37: mm | D37: 1.9 | E37: 99 | F37: =IF(AND(B37>=D37,B37<=E37),"ok","PRÜFEN") -> ok
A38: M2,5: Schraubenspitze bleibt im Träger | B38: =Parameter!$B$70-(Parameter!$B$54-Parameter!$B$73) -> 1.5 | C38: mm | D38: 0.2 | E38: 5 | F38: =IF(AND(B38>=D38,B38<=E38),"ok","PRÜFEN") -> ok | G38: Durchgangsloch, Spitze darf hinten nicht herausstehen
A39: M2,5: Einschraubtiefe im Einsatz | B39: =MIN(Parameter!$B$54-Parameter!$B$73,Parameter!$B$51)/2.5 -> 1.8 | C39: ul | D39: 1 | E39: 3 | F39: =IF(AND(B39>=D39,B39<=E39),"ok","PRÜFEN") -> ok | G39: in d, mindestens 1d
A40: Einschraubtiefe M3 Federschraube | B40: =Parameter!$B$55-Parameter!$B$111-Parameter!$B$112 -> 3.9 | C40: mm | D40: 3 | E40: 99 | F40: =IF(AND(B40>=D40,B40<=E40),"ok","PRÜFEN") -> ok | G40: Im Stahl, durchgehendes Gewinde
A41: M3 Federschraube steht nicht unten raus | B41: =Parameter!$B$73-(Parameter!$B$55-Parameter!$B$111-Parameter!$B$112) -> 1.6 | C41: mm | D41: 0.3 | E41: 99 | F41: =IF(AND(B41>=D41,B41<=E41),"ok","PRÜFEN") -> ok | G41: Spitze bleibt im Stahl, berührt den Träger nicht
A42: Einschraubtiefe M2 Befestigung | B42: =Parameter!$B$56-Parameter!$B$73 -> 4.5 | C42: mm | D42: 3 | E42: 99 | F42: =IF(AND(B42>=D42,B42<=E42),"ok","PRÜFEN") -> ok
A43: M2 Befestigung nicht zu lang | B43: =Parameter!$B$123-(Parameter!$B$56-Parameter!$B$73) -> 1.55 | C43: mm | D43: 0.2 | E43: 99 | F43: =IF(AND(B43>=D43,B43<=E43),"ok","PRÜFEN") -> ok | G43: Spitze bleibt in der Platte
A44: Platte: Wand Bohrung zu M2-Einsatz | B44: =(Parameter!$B$34-Parameter!$B$48-Parameter!$B$122)/2 -> 0.95 | C44: mm | D44: 0.8 | E44: 5 | F44: =IF(AND(B44>=D44,B44<=E44),"ok","PRÜFEN") -> ok
A45: Befestigungskopf zum Abdeckblech | B45: =Parameter!$B$72/2-(Parameter!$B$34+Parameter!$B$42)/2 -> 0.1 | C45: mm | D45: 0.1 | E45: 5 | F45: =IF(AND(B45>=D45,B45<=E45),"ok","PRÜFEN") -> ok | G45: Knapp, im CAD nachsehen
A46: GFK-Ring: Federsenkung zum Rand | B46: =(Parameter!$B$91-Parameter!$B$32-Parameter!$B$97)/2 -> 1.4 | C46: mm | D46: 0.8 | E46: 5 | F46: =IF(AND(B46>=D46,B46<=E46),"ok","PRÜFEN") -> ok
A47: GFK-Ring: Federsenkung zur Innenkante | B47: =(Parameter!$B$32-Parameter!$B$97-Parameter!$B$94)/2 -> 2.8 | C47: mm | D47: 0.5 | E47: 5 | F47: =IF(AND(B47>=D47,B47<=E47),"ok","PRÜFEN") -> ok | G47: Zur Glassenkung
A48: Federweg vorhanden | B48: =Parameter!$B$108-Parameter!$B$109 -> 1.5 | C48: mm | D48: 0.8 | E48: 5 | F48: =IF(AND(B48>=D48,B48<=E48),"ok","PRÜFEN") -> ok
A49: Federkraft gesamt | B49: =Auslegung!$B$13 -> 108 | C49: N | D49: 60 | E49: 200 | F49: =IF(AND(B49>=D49,B49<=E49),"ok","PRÜFEN") -> ok | G49: Hält das Glas auf der Blende, auch gegen ca. 30 N beim Abpumpen
A50: Feder nicht auf Block am Anschlag | B50: =Parameter!$B$109-Parameter!$B$129-Parameter!$B$171 -> 0.3 | C50: mm | D50: 0.1 | E50: 5 | F50: =IF(AND(B50>=D50,B50<=E50),"ok","PRÜFEN") -> ok | G50: GFK-Ring auf dem Stahl, Feder noch frei
A51: Federscheibe in der Senkung | B51: =Parameter!$B$97-Parameter!$B$169 -> 0.2 | C51: mm | D51: 0.1 | E51: 1 | F51: =IF(AND(B51>=D51,B51<=E51),"ok","PRÜFEN") -> ok
A52: Federscheibe über der Hülse | B52: =Parameter!$B$170-Parameter!$B$104 -> 0.3 | C52: mm | D52: 0.1 | E52: 1 | F52: =IF(AND(B52>=D52,B52<=E52),"ok","PRÜFEN") -> ok
A53: Feder über der Hülse | B53: =Parameter!$B$107-Parameter!$B$104 -> 0.3 | C53: mm | D53: 0.2 | E53: 1.5 | F53: =IF(AND(B53>=D53,B53<=E53),"ok","PRÜFEN") -> ok
A54: Feder in der Senkung | B54: =Parameter!$B$97-Parameter!$B$106 -> 1.2 | C54: mm | D54: 0.4 | E54: 3 | F54: =IF(AND(B54>=D54,B54<=E54),"ok","PRÜFEN") -> ok
A55: Federkopf über dem GFK-Ring | B55: =Parameter!$B$126+Parameter!$B$112+Parameter!$B$111+Parameter!$B$45-Parameter!$B$130 -> 1.9 | C55: mm | D55: -1 | E55: 2.5 | F55: =IF(AND(B55>=D55,B55<=E55),"ok","PRÜFEN") -> ok | G55: Positiv = steht über. Platz zu Spule und Abdeckung prüfen
A56: Kraftänderung je Feder bei ±0,1 | B56: =Auslegung!$B$14 -> 0.8 | C56: N | D56: 0 | E56: 3 | F56: =IF(AND(B56>=D56,B56<=E56),"ok","PRÜFEN") -> ok
A57: Material hinter der Blende | B57: =-Parameter!$B$124 -> 1.5 | C57: mm | D57: 0 | E57: 1.9 | F57: =IF(AND(B57>=D57,B57<=E57),"ok","PRÜFEN") -> ok | G57: Alter Stand 1,9 mm
A58: Platte nicht hinter dem Klemmring | B58: =Parameter!$B$124-Parameter!$B$133 -> 0.05 | C58: mm | D58: 0 | E58: 0.2 | F58: =IF(AND(B58>=D58,B58<=E58),"ok","PRÜFEN") -> ok | G58: Plattenrückseite bündig oder knapp dahinter
A59: Wärmeverschiebung am M2-Lochkreis | B59: =Auslegung!$B$23 -> 0.041205 | C59: mm | D59: 0 | E59: 0.5 | F59: =IF(AND(B59>=D59,B59<=E59),"ok","PRÜFEN") -> ok | G59: Muss kleiner sein als das Spiel in den Blendenlöchern
A60: Spiel Blendenloch je Seite | B60: =(Parameter!$B$12-2)/2 -> 0.5 | C60: mm | D60: 0.1 | E60: 1 | F60: =IF(AND(B60>=D60,B60<=E60),"ok","PRÜFEN") -> ok | G60: Gegen die Wärmeverschiebung
A61: Klemmring: Stahl außen um Kontaktgewinde | B61: =Parameter!$B$17-Parameter!$B$19-Parameter!$B$134/2 -> 0.75 | C61: mm | D61: 0.6 | E61: 5 | F61: =IF(AND(B61>=D61,B61<=E61),"ok","PRÜFEN") -> ok | G61: Restwand der Lasche um das Gewinde
A62: Träger: GFK Freistich zur Plattenbohrung | B62: =Parameter!$B$58/2-Parameter!$B$68 -> 0.8 | C62: mm | D62: 0.6 | E62: 5 | F62: =IF(AND(B62>=D62,B62<=E62),"ok","PRÜFEN") -> ok | G62: Isolation Lasche (Blendenpotential) gegen Frontplatte
A63: Stahlring: Hülsenbohrung zur Flachnut | B63: =Parameter!$B$19-Parameter!$B$77/2-Parameter!$B$90/2 -> 0.55 | C63: mm | D63: 0.4 | E63: 5 | F63: =IF(AND(B63>=D63,B63<=E63),"ok","PRÜFEN") -> ok | G63: Wand zwischen Keramikhülse und Dichtung
A64: Träger: Bolzenbohrung passt zum Bolzen | B64: =Parameter!$B$63-Parameter!$B$134 -> 0.5 | C64: mm | D64: 0.2 | E64: 1 | F64: =IF(AND(B64>=D64,B64<=E64),"ok","PRÜFEN") -> ok | G64: Durchgang für den Kontaktbolzen
A65: Keramikhülse passt zum Bolzen | B65: =Parameter!$B$114-Parameter!$B$134 -> 0.7 | C65: mm | D65: 0.2 | E65: 1.5 | F65: =IF(AND(B65>=D65,B65<=E65),"ok","PRÜFEN") -> ok
A66: Radialgewinde: Winkelabstand zu den M3 | B66: =MIN(MOD(Parameter!$B$135,360/Parameter!$B$33),360/Parameter!$B$33-MOD(Parameter!$B$135,360/Parameter!$B$33)) -> 10 | C66: deg | D66: 8 | E66: 20 | F66: =IF(AND(B66>=D66,B66<=E66),"ok","PRÜFEN") -> ok | G66: Gilt auch für das zweite Gewinde, solange dw_rad ein Vielfaches von 40 ist
A67: Radialgewinde: Winkelabstand zu Befestigung, Stift, Hülse | B67: =ABS(MOD(Parameter!$B$135,360/Parameter!$B$33)-180/Parameter!$B$33) -> 10 | C67: deg | D67: 8 | E67: 20 | F67: =IF(AND(B67>=D67,B67<=E67),"ok","PRÜFEN") -> ok | G67: Diese liegen alle mittig zwischen zwei M3
A68: Radialgewinde: Wand zur Oberseite | B68: =Parameter!$B$73-Parameter!$B$80-3/2 -> 1.25 | C68: mm | D68: 0.8 | E68: 5 | F68: =IF(AND(B68>=D68,B68<=E68),"ok","PRÜFEN") -> ok | G68: M3, Nenndurchmesser 3
A69: Radialgewinde: Wand zur Unterseite | B69: =Parameter!$B$80-3/2 -> 1.25 | C69: mm | D69: 0.8 | E69: 5 | F69: =IF(AND(B69>=D69,B69<=E69),"ok","PRÜFEN") -> ok
A70: Blende: Kerbe für den Kontaktbolzen, Tiefe | B70: =Parameter!$B$9/2-(Parameter!$B$19-Parameter!$B$141) -> 0.5 | C70: mm | D70: 0.05 | E70: 1.5 | F70: =IF(AND(B70>=D70,B70<=E70),"ok","PRÜFEN") -> ok | G70: Positiv = Kerbe nötig. Ohne Kerbe würde der Bolzen den Blendenrand schneiden
A71: Radialgewinde: Wand zur Radialnut | B71: =Parameter!$B$72/2-Parameter!$B$139-Parameter!$B$79/2 -> 5.45 | C71: mm | D71: 2 | E71: 12 | F71: =IF(AND(B71>=D71,B71<=E71),"ok","PRÜFEN") -> ok | G71: Bohrgrund bis O-Ring-Nut
A72: GFK-Ring: Bohrung räumt die Hohlkehle des Glases | B72: =Parameter!$B$92/2-Parameter!$B$176/2 -> 3.3 | C72: mm | D72: 0.3 | E72: 6 | F72: =IF(AND(B72>=D72,B72<=E72),"ok","PRÜFEN") -> ok | G72: GEÄNDERT v7: die Bohrung liegt jetzt weit außerhalb der R1-Rundung
A73: GFK-Ring: Auflagebreite auf dem Glasfuß | B73: =(Parameter!$B$4-Parameter!$B$240-2*Parameter!$B$177)/2 -> 3.5 | C73: mm | D73: 2 | E73: 5 | F73: =IF(AND(B73>=D73,B73<=E73),"ok","PRÜFEN") -> ok | G73: GEÄNDERT v9: mit Lippe wieder fast die ganze Fußoberseite
A74: Freistich-Ecke: Fräser nicht zu klein | B74: =Parameter!$B$178 -> 1 | C74: mm | D74: 0.5 | E74: 2 | F74: =IF(AND(B74>=D74,B74<=E74),"ok","PRÜFEN") -> ok | G74: Ø1 ist das Minimum für GFK
A75: Laschenecke: Stahl um das Kontaktgewinde | B75: =(Parameter!$B$16-Parameter!$B$134)/2-Parameter!$B$178 -> 1.25 | C75: mm | D75: 0.5 | E75: 3 | F75: =IF(AND(B75>=D75,B75<=E75),"ok","PRÜFEN") -> ok | G75: Rundung frisst nicht in die Wand um das M2,5
A76: Schlitz Klemmring: fräsbar | B76: =Parameter!$B$18 -> 1 | C76: mm | D76: 1 | E76: 2 | F76: =IF(AND(B76>=D76,B76<=E76),"ok","PRÜFEN") -> ok | G76: Fräser Ø1 in 1,5 mm Edelstahl
A77: Laschenfuß passt am Freistich-Eingang vorbei | B77: =(Parameter!$B$62+Parameter!$B$179-Parameter!$B$180*(2-SQRT(2)))/SQRT(2) -> 0.78786797 | C77: mm | D77: 0.2 | E77: 3 | F77: =IF(AND(B77>=D77,B77<=E77),"ok","PRÜFEN") -> ok | G77: Luft zwischen Rundung am Laschenfuss und Fase im Traeger, diagonal gemessen
A78: Entlüftung: Steg Flachnut zur Entlüftungsnut | B78: =(Parameter!$B$146-Parameter!$B$90)/2 -> 2.7 | C78: mm | D78: 2 | E78: 5 | F78: =IF(AND(B78>=D78,B78<=E78),"ok","PRÜFEN") -> ok | G78: Auflage Stahl auf Träger außerhalb der Dichtung
A79: Entlüftung: Nut schneidet die M3 | B79: =MIN(Parameter!$B$147/2,Parameter!$B$32/2+1.25)-MAX(Parameter!$B$146/2,Parameter!$B$32/2-1.25) -> 1.75 | C79: mm | D79: 0.3 | E79: 3 | F79: =IF(AND(B79>=D79,B79<=E79),"ok","PRÜFEN") -> ok | G79: Überdeckung mit dem Kernloch Ø2,5
A80: Entlüftung: Nut schneidet die M2,5-Durchgänge | B80: =(Parameter!$B$30+Parameter!$B$39-Parameter!$B$146)/2 -> 2.85 | C80: mm | D80: 0.3 | E80: 3 | F80: =IF(AND(B80>=D80,B80<=E80),"ok","PRÜFEN") -> ok
A81: Entlüftung: Nut schneidet die Hülsenbohrung | B81: =Parameter!$B$19+Parameter!$B$77/2-Parameter!$B$146/2 -> 3.15 | C81: mm | D81: 0.3 | E81: 6 | F81: =IF(AND(B81>=D81,B81<=E81),"ok","PRÜFEN") -> ok
A82: Entlüftung: Nut endet auf dem Träger | B82: =(Parameter!$B$58-Parameter!$B$147)/2 -> 1.5 | C82: mm | D82: 0.8 | E82: 5 | F82: =IF(AND(B82>=D82,B82<=E82),"ok","PRÜFEN") -> ok | G82: Darf nicht bis zur Fuge Träger / Platte reichen
A83: Entlüftung: Bohrung Ø1 in der Nut | B83: =(Parameter!$B$147-Parameter!$B$144-Parameter!$B$154)/2 -> 0.5 | C83: mm | D83: 0.2 | E83: 2 | F83: =IF(AND(B83>=D83,B83<=E83),"ok","PRÜFEN") -> ok
A84: Entlüftung: Bohrung Ø1 neben der Trägertasche | B84: =(Parameter!$B$144-Parameter!$B$154-Parameter!$B$65)/2 -> 0.95 | C84: mm | D84: 0.4 | E84: 3 | F84: =IF(AND(B84>=D84,B84<=E84),"ok","PRÜFEN") -> ok | G84: Bohrung muss hinten im GFK austreten, nicht in der Tasche
A85: Entlüftung: Stahl-Kerbe reicht in die Flachnut | B85: =Parameter!$B$150-Parameter!$B$149/2-Parameter!$B$87/2 -> 0.35 | C85: mm | D85: 0.1 | E85: 1.4 | F85: =IF(AND(B85>=D85,B85<=E85),"ok","PRÜFEN") -> ok | G85: Kerbenende liegt in der Nut, nicht in der Innenwand
A86: Entlüftung: Stahl zwischen Klemmring-Kerbe und Senkung | B86: =Parameter!$B$13-Parameter!$B$156-(Parameter!$B$37-Parameter!$B$36)/2 -> 0.2 | C86: mm | D86: 0.1 | E86: 1 | F86: =IF(AND(B86>=D86,B86<=E86),"ok","PRÜFEN") -> ok | G86: Direkt an der Bohrung, 90°-Senkung
A87: Entlüftung: Träger-Querkerbe länger als der Hülsenfuß | B87: =(Parameter!$B$160-Parameter!$B$113)/2 -> 0.5 | C87: mm | D87: 0.3 | E87: 1.5 | F87: =IF(AND(B87>=D87,B87<=E87),"ok","PRÜFEN") -> ok
A88: Entlüftung: Träger-Querkerbe zur Flachnut | B88: =Parameter!$B$19-Parameter!$B$158/2-Parameter!$B$90/2 -> 2.45 | C88: mm | D88: 1 | E88: 6 | F88: =IF(AND(B88>=D88,B88<=E88),"ok","PRÜFEN") -> ok | G88: Kerbe darf nicht in Richtung Dichtung laufen
A89: Entlüftung radial: Bohrung trifft das radiale Gewinde | B89: =Parameter!$B$174+Parameter!$B$154/2-(Parameter!$B$72/2-Parameter!$B$139) -> 0.2 | C89: mm | D89: 0.1 | E89: 1.5 | F89: =IF(AND(B89>=D89,B89<=E89),"ok","PRÜFEN") -> ok | G89: Überdeckung mit dem zylindrischen Teil der Radialbohrung
A90: Entlüftung radial: Bohrung reicht in die Höhe | B90: =Parameter!$B$175-(Parameter!$B$80-1.25) -> 1.5 | C90: mm | D90: 0.8 | E90: 3 | F90: =IF(AND(B90>=D90,B90<=E90),"ok","PRÜFEN") -> ok | G90: Kernloch Ø2,5
A91: Entlüftung radial: Bohrung öffnet in die Nut | B91: =Parameter!$B$147/2-(Parameter!$B$174-Parameter!$B$154/2) -> 0.8 | C91: mm | D91: 0.3 | E91: 1 | F91: =IF(AND(B91>=D91,B91<=E91),"ok","PRÜFEN") -> ok
A92: Blech: untere Bohrung zur Unterkante | B92: =Parameter!$B$80-Parameter!$B$190/2 -> 1.15 | C92: mm | D92: 1 | E92: 5 | F92: =IF(AND(B92>=D92,B92<=E92),"ok","PRÜFEN") -> ok | G92: NEU v6: Reststeg. Vorher 2,4, jetzt knapp, weil das Radialgewinde im Stahlring tiefer sitzt. Abscherkraft je Bohrung noch über 200 N
A93: Blech: obere Bohrung zur Oberkante | B93: =Parameter!$B$191-Parameter!$B$190/2 -> 2.4 | C93: mm | D93: 1.5 | E93: 5 | F93: =IF(AND(B93>=D93,B93<=E93),"ok","PRÜFEN") -> ok | G93: NEU v6
A94: Deckel: Radialgewinde zur Schulter | B94: =Parameter!$B$191-1.5 -> 2.5 | C94: mm | D94: 1 | E94: 5 | F94: =IF(AND(B94>=D94,B94<=E94),"ok","PRÜFEN") -> ok | G94: NEU v6: M3 Nenndurchmesser
A95: Deckel: Radialgewinde zur Zapfenunterkante | B95: =Parameter!$B$195-Parameter!$B$191-1.5 -> 1.5 | C95: mm | D95: 1 | E95: 5 | F95: =IF(AND(B95>=D95,B95<=E95),"ok","PRÜFEN") -> ok | G95: NEU v6
A96: Einschraubtiefe M3 radial im Stahl | B96: =Parameter!$B$194-Parameter!$B$181-Parameter!$B$111 -> 3.5 | C96: mm | D96: 2.4 | E96: 99 | F96: =IF(AND(B96>=D96,B96<=E96),"ok","PRÜFEN") -> ok | G96: NEU v6: mindestens 0,8 d
A97: M3 radial nicht auf dem Gewindegrund | B97: =Parameter!$B$78-(Parameter!$B$194-Parameter!$B$181-Parameter!$B$111) -> 0.5 | C97: mm | D97: 0.3 | E97: 5 | F97: =IF(AND(B97>=D97,B97<=E97),"ok","PRÜFEN") -> ok | G97: NEU v6: Sackgewinde im Stahlring. M3 x 6 ohne Scheibe wäre 1 mm zu lang
A98: M3 radial im Deckel: Spitze bleibt in der Wand | B98: =(Parameter!$B$182-Parameter!$B$198)/2-(Parameter!$B$194-Parameter!$B$181-Parameter!$B$111) -> 0.5 | C98: mm | D98: 0 | E98: 5 | F98: =IF(AND(B98>=D98,B98<=E98),"ok","PRÜFEN") -> ok | G98: NEU v6: keine Schraubenspitze im Kabelraum
A99: Blech zum GFK-Ring oben | B99: =(Parameter!$B$182-Parameter!$B$91)/2 -> 0.5 | C99: mm | D99: 0.3 | E99: 3 | F99: =IF(AND(B99>=D99,B99<=E99),"ok","PRÜFEN") -> ok | G99: NEU v6
A100: HV-Abstand Kabelschuh zum Blech | B100: =Parameter!$B$182/2-Parameter!$B$19-Parameter!$B$209/2 -> 4 | C100: mm | D100: 3 | E100: 20 | F100: =IF(AND(B100>=D100,B100<=E100),"ok","PRÜFEN") -> ok | G100: NEU v6: Kabelschuh tangential ausrichten, nicht nach außen. Bei mehr als 1 kV Blendenspannung nachrechnen
A101: Fuge zwischen den Blechen | B101: =Parameter!$B$182/2*PI()*Parameter!$B$186/180 -> 0.76794487 | C101: mm | D101: 0.5 | E101: 2 | F101: =IF(AND(B101>=D101,B101<=E101),"ok","PRÜFEN") -> ok | G101: NEU v6: Entlüftung des Innenraums
...

Sheet Aenderungen
A1: Änderungsverzeichnis. Zeilennummern im Blatt Parameter sind Teil der Schnittstelle zu Inventor.
A3: Version | B3: Datum | C3: Art | D3: Was und warum
A4: v1 | B4: 20.10.2026 | C4: Neuanlage | D4: Parameter für die neue untere Aufnahme (Blendenaufnahme Version 5): Blende als Wechselteil, Klemmring, GFK-Träger, Edelstahlring mit radialem und flachem O-Ring, federnder GFK-Ring oben, Frontplatte. 132 Parameter in A2 bis D133.
A5: v1 | B5: 20.10.2026 | C5: Regel | D5: Ab jetzt nie umsortieren und nie dazwischen einfügen. Neue Parameter nur unten anhängen. So ist in v6 der alten Datei die Zuordnung verloren gegangen.
A6: v1 | B6: 20.10.2026 | C6: Abgrenzung | D6: Die alte RFN_Dichtung_Parameter.xlsx (v8) bleibt mit Ring_unten_3 und dem alten Isolierring verknüpft und wird nicht weiter gepflegt.
A7: v1 | B7: 20.10.2026 | C7: Offen | D7: d_glas_fuss und h_glas_fuss sind Nennwerte aus dem STEP. Nach dem Messen eintragen, dann rechnet sich die Radialnut neu. Federwerte sind Platzhalter bis zur Katalogwahl.
A8: v2 | B8: 21.10.2026 | C8: Wert | D8: Kontaktbolzen M3 auf M2,5. r_kontakt 37,5 auf 37,0, r_kr_lasche 39,5 auf 39,0, d_tr_bolzen 3,6 auf 3,0, h_mu 2,4 auf 2,0. Grund: bei M3 blieben nur 0,5 mm Stahl um das Laschengewinde und 0,3 mm GFK zwischen Freistich und Frontplatte. Jetzt 0,75 und 0,8 mm.
A9: v2 | B9: 21.10.2026 | C9: Neu | D9: d_kb in Zeile 134 angehängt. Zeilen 2 bis 133 unverändert, die Verknüpfung in Inventor bleibt bestehen.
A10: v2 | B10: 21.10.2026 | C10: Prüfung | D10: Fünf neue Prüfungen zu Lasche, Freistich, Hülsenbohrung und Bolzendurchgängen.
A11: v2 | B11: 21.10.2026 | C11: Anleitung | D11: Klemmring: Ring und Lasche jetzt in zwei Skizzen und zwei Extrusionen, Lasche über Konstruktionslinie und Symmetrie-Abhängigkeit.
A12: v2b | B12: 21.10.2026 | C12: Anleitung | D12: Schlitz im Klemmring: Winkel über 180° lassen sich in Inventor nicht direkt bemaßen. Linie in die Gegenrichtung zeichnen und w_schlitz - 180 eintragen. Im ersten Modell lag der Schlitz dadurch bei 340° statt 200°.
A13: v2b | B13: 21.10.2026 | C13: Anleitung | D13: Skizzen auf Flächen, die nach -Y zeigen, spiegeln alle Winkel. Im zweiten Klemmring-Modell lagen die M2 dadurch bei 10°, 70° ... statt 50°, 110° ... Klemmring Schritt 15 und Träger Schritte 4 und 6 jetzt auf XZ-Ebene bzw. Arbeitsebene.
A14: v2b | B14: 21.10.2026 | C14: Anleitung | D14: Erster Träger: Freistich bei 160°, Bolzen bei 340°, M2 bei 10°/70° …, weil Winkelmaße in Inventor kein Vorzeichen haben. Vorbereitung 7 enthält jetzt eine Regel über das Achsenkreuz. Außerdem t_tr_tasche von oben statt von unten bemaßt, Taschenboden lag bei 3,5 statt 2,0.
... A56: v9c | B56: 24.10.2026 | C56: Wert | D56: Anschlussnut nicht mehr durch alle: t_go_spule_nut = t_go - (h_go_senk + t_go_lippe) = 4,3 von oben. Nutgrund bündig mit der Lippenoberseite, Lippe geschlossen. Der Anschluss liegt 1,15 über dem Nutgrund wie die unterste Windung über der Lippe.
